id,enum,t.start,t.stop,event,chemo,sex,dukes,charlson,death
1,1,0,24,1,Treated,Female,D,3,0
1,2,24,457,1,Treated,Female,D,0,0
1,3,457,1037,0,Treated,Female,D,0,0
2,1,0,489,1,NonTreated,Male,C,0,0
2,2,489,1182,0,NonTreated,Male,C,0,0
3,1,0,15,1,NonTreated,Male,C,3,0
3,2,15,783,0,NonTreated,Male,C,3,1
4,1,0,163,1,Treated,Female,A-B,0,0
4,2,163,288,1,Treated,Female,A-B,0,0
4,3,288,638,1,Treated,Female,A-B,0,0
4,4,638,686,1,Treated,Female,A-B,0,0
4,5,686,2048,0,Treated,Female,A-B,0,0
5,1,0,1134,1,NonTreated,Female,C,0,0
5,2,1134,1144,0,NonTreated,Female,C,3,0
6,1,0,627,1,Treated,Male,A-B,0,0
6,2,627,1190,1,Treated,Male,A-B,0,0
6,3,1190,1406,1,Treated,Male,A-B,0,0
6,4,1406,1407,0,Treated,Male,A-B,0,0
7,1,0,38,1,Treated,Male,A-B,1-2,0
7,2,38,42,1,Treated,Male,A-B,0,0
7,3,42,63,1,Treated,Male,A-B,0,0
7,4,63,1049,0,Treated,Male,A-B,0,0
8,1,0,1466,0,NonTreated,Female,C,3,1
9,1,0,148,1,NonTreated,Female,C,3,0
9,2,148,1474,0,NonTreated,Female,C,0,0
10,2,0,1113,0,Treated,Female,A-B,0,0
11,1,0,267,1,Treated,Male,A-B,0,0
11,2,267,276,1,Treated,Male,A-B,0,0
11,3,276,1635,0,Treated,Male,A-B,0,0
12,1,0,1189,0,Treated,Male,A-B,0,0
13,1,0,1028,1,NonTreated,Female,C,0,0
13,2,1028,1207,0,NonTreated,Female,C,0,0
14,1,0,1125,0,Treated,Male,A-B,1-2,0
15,1,0,734,1,NonTreated,Male,D,3,0
15,2,734,892,1,NonTreated,Male,D,3,0
15,3,892,893,0,NonTreated,Male,D,3,1
16,1,0,389,1,NonTreated,Male,A-B,0,0
16,2,389,390,0,NonTreated,Male,A-B,0,0
17,1,0,1255,0,NonTreated,Female,C,3,0
18,1,0,932,0,Treated,Female,A-B,0,0
19,1,0,304,0,Treated,Male,D,3,1
20,1,0,99,1,Treated,Female,D,3,0
20,2,99,100,0,Treated,Female,D,3,1
21,2,0,686,1,Treated,Female,A-B,0,0
21,3,686,1558,0,Treated,Female,A-B,0,0
22,1,0,1374,0,Treated,Female,C,0,0
23,1,0,540,1,Treated,Male,D,0,0
23,2,540,541,0,Treated,Male,D,3,1
24,1,0,226,1,Treated,Male,C,0,0
24,2,226,268,0,Treated,Male,C,3,1
25,1,0,1255,0,Treated,Male,C,0,0
26,2,0,1,0,Treated,Male,D,0,0
27,1,0,9,0,Treated,Female,A-B,0,0
28,2,0,1656,0,NonTreated,Male,C,0,0
29,1,0,40,1,Treated,Male,D,3,0
29,2,40,770,0,Treated,Male,D,3,1
30,1,0,1081,0,Treated,Male,A-B,0,0
31,2,0,1268,1,Treated,Female,A-B,1-2,0
31,3,1268,1406,0,Treated,Female,A-B,1-2,0
32,2,0,37,1,NonTreated,Female,D,3,0
32,3,37,260,1,NonTreated,Female,D,3,0
32,4,260,261,0,NonTreated,Female,D,0,1
33,1,0,14,1,Treated,Male,A-B,0,0
33,2,14,17,1,Treated,Male,A-B,0,0
33,3,17,74,1,Treated,Male,A-B,0,0
33,4,74,1155,0,Treated,Male,A-B,0,0
34,2,0,54,0,Treated,Female,D,0,1
35,1,0,82,1,Treated,Male,D,3,0
35,2,82,83,0,Treated,Male,D,3,1
36,1,0,28,0,Treated,Male,A-B,0,0
37,1,0,14,1,NonTreated,Male,C,0,0
37,2,14,1305,1,NonTreated,Male,C,0,0
37,3,1305,1528,0,NonTreated,Male,C,0,0
38,1,0,1324,0,NonTreated,Female,C,0,0
39,1,0,51,0,Treated,Male,C,3,1
40,1,0,587,1,Treated,Male,C,1-2,0
40,2,587,664,1,Treated,Male,C,1-2,0
40,3,664,671,1,Treated,Male,C,0,0
40,4,671,678,1,Treated,Male,C,0,0
40,5,678,1259,1,Treated,Male,C,1-2,0
40,6,1259,1291,1,Treated,Male,C,0,0
40,7,1291,1292,0,Treated,Male,C,0,0
41,1,0,82,1,Treated,Male,D,0,0
41,2,82,83,0,Treated,Male,D,3,1
42,1,0,588,1,Treated,Male,A-B,0,0
42,2,588,801,1,Treated,Male,A-B,0,0
42,3,801,1696,0,Treated,Male,A-B,0,0
43,1,0,698,1,Treated,Male,C,0,0
43,2,698,1293,1,Treated,Male,C,0,0
43,3,1293,1294,0,Treated,Male,C,1-2,0
44,1,0,880,1,NonTreated,Male,D,0,0
44,2,880,926,0,NonTreated,Male,D,0,0
45,1,0,1115,0,NonTreated,Female,C,3,0
46,1,0,1451,0,Treated,Male,A-B,0,0
47,1,0,1459,0,NonTreated,Male,A-B,0,0
48,1,0,1739,0,NonTreated,Male,A-B,0,0
49,2,0,264,1,NonTreated,Female,C,0,0
49,3,264,1451,0,NonTreated,Female,C,0,0
50,1,0,86,1,NonTreated,Female,C,3,0
50,2,86,1644,0,NonTreated,Female,C,0,0
51,1,0,43,1,NonTreated,Female,C,0,0
51,2,43,78,1,NonTreated,Female,C,0,0
51,3,78,1233,0,NonTreated,Female,C,0,0
52,1,0,17,1,NonTreated,Female,A-B,0,0
52,2,17,432,1,NonTreated,Female,A-B,0,0
52,3,432,738,1,NonTreated,Female,A-B,3,0
52,4,738,862,1,NonTreated,Female,A-B,3,0
52,5,862,863,0,NonTreated,Female,A-B,3,1
53,1,0,190,1,Treated,Female,C,0,0
53,2,190,1673,1,Treated,Female,C,3,0
53,3,1673,1674,0,Treated,Female,C,0,0
54,1,0,381,1,NonTreated,Male,A-B,0,0
54,2,381,382,0,NonTreated,Male,A-B,0,1
55,1,0,1874,0,Treated,Male,A-B,0,0
56,1,0,59,0,Treated,Male,A-B,0,0
57,2,0,538,0,NonTreated,Female,C,0,1
58,1,0,625,0,Treated,Male,A-B,0,0
59,2,0,1654,0,Treated,Female,A-B,0,0
60,1,0,799,1,NonTreated,Male,C,0,0
60,2,799,800,0,NonTreated,Male,C,0,1
61,1,0,833,0,Treated,Male,A-B,0,0
62,1,0,123,0,Treated,Male,A-B,0,0
63,1,0,137,0,Treated,Male,D,3,1
64,1,0,111,1,Treated,Female,A-B,0,0
64,2,111,1099,0,Treated,Female,A-B,0,0
65,1,0,135,1,Treated,Female,A-B,0,0
65,2,135,1592,0,Treated,Female,A-B,0,0
66,1,0,1658,0,Treated,Male,A-B,0,0
67,1,0,211,0,NonTreated,Female,C,0,0
68,1,0,252,1,NonTreated,Female,C,0,0
68,2,252,1631,0,NonTreated,Female,C,0,0
69,2,0,1016,0,Treated,Male,A-B,0,0
70,1,0,843,0,Treated,Male,A-B,0,0
71,1,0,57,1,Treated,Male,D,1-2,0
71,2,57,80,1,Treated,Male,D,0,0
71,3,80,81,0,Treated,Male,D,3,1
72,1,0,131,0,Treated,Female,D,3,1
73,2,0,1457,0,Treated,Male,A-B,0,0
74,1,0,1543,0,NonTreated,Female,C,3,0
75,1,0,1658,0,Treated,Female,C,0,0
76,2,0,1088,1,NonTreated,Female,D,1-2,0
76,3,1088,1120,1,NonTreated,Female,D,0,0
76,4,1120,1121,0,NonTreated,Female,D,3,1
77,1,0,1436,0,NonTreated,Female,A-B,0,0
78,1,0,198,1,NonTreated,Male,A-B,1-2,0
78,2,198,252,1,NonTreated,Male,A-B,1-2,0
78,3,252,305,1,NonTreated,Male,A-B,0,0
78,4,305,1275,1,NonTreated,Male,A-B,0,0
78,5,1275,1276,0,NonTreated,Male,A-B,0,1
79,1,0,2175,1,Treated,Female,A-B,0,0
79,2,2175,2176,0,Treated,Female,A-B,0,0
80,1,0,1927,0,NonTreated,Female,D,3,0
81,1,0,1383,0,NonTreated,Female,C,0,0
82,1,0,594,1,NonTreated,Female,A-B,0,0
82,2,594,1823,0,NonTreated,Female,A-B,0,0
83,1,0,733,1,Treated,Male,C,3,0
83,2,733,960,0,Treated,Male,C,0,0
84,1,0,335,1,NonTreated,Male,A-B,0,0
84,2,335,1912,0,NonTreated,Male,A-B,0,0
85,1,0,1348,0,Treated,Male,A-B,0,0
86,1,0,94,1,Treated,Male,A-B,1-2,0
86,2,94,1324,1,Treated,Male,A-B,0,0
86,3,1324,1792,0,Treated,Male,A-B,0,0
87,1,0,710,1,Treated,Female,A-B,0,0
87,2,710,1096,0,Treated,Female,A-B,0,0
88,1,0,439,1,NonTreated,Male,A-B,3,0
88,2,439,1930,0,NonTreated,Male,A-B,0,0
89,2,0,448,0,Treated,Female,A-B,0,0
90,1,0,1077,0,Treated,Male,A-B,0,0
91,1,0,908,1,NonTreated,Male,A-B,0,0
91,2,908,1323,1,NonTreated,Male,A-B,0,0
91,3,1323,1857,0,NonTreated,Male,A-B,0,0
92,1,0,1751,0,NonTreated,Female,A-B,0,0
93,1,0,113,1,NonTreated,Male,D,0,0
93,2,113,183,1,NonTreated,Male,D,3,0
93,3,183,203,1,NonTreated,Male,D,3,0
93,4,203,1203,0,NonTreated,Male,D,0,0
94,2,0,186,1,Treated,Female,A-B,0,0
94,3,186,191,0,Treated,Female,A-B,0,0
95,2,0,1798,0,Treated,Male,A-B,1-2,0
96,1,0,1283,0,Treated,Male,C,0,0
97,1,0,242,1,Treated,Female,C,0,0
97,2,242,746,1,Treated,Female,C,3,0
97,3,746,1110,1,Treated,Female,C,0,0
97,4,1110,1111,0,Treated,Female,C,3,1
98,1,0,230,1,Treated,Male,D,0,0
98,2,230,235,1,Treated,Male,D,3,0
98,3,235,750,0,Treated,Male,D,0,1
99,1,0,216,0,NonTreated,Male,C,0,0
100,1,0,176,1,NonTreated,Male,D,3,0
100,2,176,177,0,NonTreated,Male,D,3,1
101,1,0,151,0,Treated,Female,D,3,1
102,1,0,5,1,Treated,Male,A-B,0,0
102,2,5,82,1,Treated,Male,A-B,0,0
102,3,82,1537,0,Treated,Male,A-B,0,0
103,1,0,646,1,NonTreated,Female,A-B,0,0
103,2,646,1204,0,NonTreated,Female,A-B,0,0
104,1,0,407,0,NonTreated,Male,C,3,0
105,1,0,1283,0,NonTreated,Male,A-B,0,0
106,1,0,87,0,Treated,Male,A-B,0,0
107,1,0,80,0,Treated,Female,D,0,1
108,1,0,260,1,Treated,Female,A-B,0,0
108,2,260,1057,0,Treated,Female,A-B,0,0
109,1,0,226,1,NonTreated,Male,D,3,0
109,2,226,227,0,NonTreated,Male,D,3,1
110,1,0,1085,0,Treated,Male,A-B,1-2,0
111,1,0,782,0,Treated,Male,A-B,0,0
112,1,0,993,0,Treated,Male,A-B,1-2,0
113,1,0,1309,0,NonTreated,Female,C,0,0
114,1,0,153,1,NonTreated,Male,D,3,0
114,2,153,722,1,NonTreated,Male,D,0,0
114,3,722,723,1,NonTreated,Male,D,0,0
114,4,723,801,1,NonTreated,Male,D,3,0
114,5,801,807,1,NonTreated,Male,D,3,0
114,6,807,809,1,NonTreated,Male,D,3,0
114,7,809,811,1,NonTreated,Male,D,3,0
114,8,811,832,1,NonTreated,Male,D,3,0
114,9,832,834,1,NonTreated,Male,D,3,0
114,10,834,835,0,NonTreated,Male,D,3,1
115,1,0,107,1,NonTreated,Male,C,0,0
115,2,107,108,1,NonTreated,Male,C,0,0
115,3,108,109,0,NonTreated,Male,C,0,0
116,2,0,85,0,NonTreated,Female,D,0,1
117,1,0,556,1,NonTreated,Male,D,0,0
117,2,556,557,0,NonTreated,Male,D,0,1
118,1,0,748,1,Treated,Female,A-B,0,0
118,2,748,1269,0,Treated,Female,A-B,0,0
119,1,0,1325,1,NonTreated,Male,C,0,0
119,2,1325,1326,0,NonTreated,Male,C,0,0
120,2,0,1297,0,NonTreated,Male,A-B,0,0
121,1,0,1156,0,NonTreated,Male,C,0,0
122,1,0,31,1,NonTreated,Male,D,3,0
122,2,31,47,1,NonTreated,Male,D,1-2,0
122,3,47,259,1,NonTreated,Male,D,0,0
122,4,259,626,1,NonTreated,Male,D,0,0
122,5,626,627,0,NonTreated,Male,D,0,1
123,1,0,1082,0,Treated,Male,A-B,0,1
124,1,0,955,0,NonTreated,Male,C,0,0
125,1,0,758,1,Treated,Female,C,0,0
125,2,758,974,0,Treated,Female,C,0,0
126,1,0,12,1,Treated,Female,A-B,1-2,0
126,2,12,1404,0,Treated,Female,A-B,0,0
127,1,0,1753,0,NonTreated,Male,C,0,0
128,1,0,191,1,NonTreated,Female,C,0,0
128,2,191,1460,0,NonTreated,Female,C,0,0
129,1,0,95,1,NonTreated,Male,A-B,0,0
129,2,95,214,1,NonTreated,Male,A-B,0,0
129,3,214,1165,0,NonTreated,Male,A-B,0,0
130,1,0,937,0,Treated,Male,A-B,0,0
131,1,0,271,1,NonTreated,Male,A-B,0,0
131,3,271,281,1,NonTreated,Male,A-B,0,0
131,4,281,1017,1,NonTreated,Male,A-B,0,0
131,5,1017,1028,1,NonTreated,Male,A-B,0,0
131,6,1028,1554,0,NonTreated,Male,A-B,0,0
132,1,0,23,1,NonTreated,Female,C,0,0
132,2,23,1264,0,NonTreated,Female,C,0,0
133,1,0,42,1,NonTreated,Male,C,3,0
133,2,42,43,1,NonTreated,Male,C,3,0
133,3,43,83,1,NonTreated,Male,C,3,0
133,4,83,1416,0,NonTreated,Male,C,3,0
134,1,0,335,1,NonTreated,Female,C,0,0
134,2,335,1157,0,NonTreated,Female,C,1-2,0
135,1,0,80,1,NonTreated,Male,C,0,0
135,2,80,1033,1,NonTreated,Male,C,0,0
135,3,1033,1247,1,NonTreated,Male,C,0,0
135,4,1247,1330,1,NonTreated,Male,C,3,0
135,6,1330,1331,0,NonTreated,Male,C,0,0
136,1,0,18,1,NonTreated,Female,C,0,0
136,2,18,53,1,NonTreated,Female,C,0,0
136,3,53,121,1,NonTreated,Female,C,0,0
136,4,121,226,1,NonTreated,Female,C,0,0
136,5,226,1657,0,NonTreated,Female,C,0,0
137,1,0,1285,0,NonTreated,Female,C,3,0
138,1,0,436,1,Treated,Female,A-B,0,0
138,2,436,561,1,Treated,Female,A-B,3,0
138,3,561,874,1,Treated,Female,A-B,0,0
138,4,874,875,0,Treated,Female,A-B,3,1
139,1,0,1448,0,NonTreated,Female,A-B,1-2,1
140,1,0,1063,0,Treated,Male,A-B,0,0
141,1,0,627,1,Treated,Female,A-B,0,0
141,2,627,629,1,Treated,Female,A-B,3,0
141,3,629,1086,1,Treated,Female,A-B,3,0
141,4,1086,1087,0,Treated,Female,A-B,0,0
142,1,0,248,1,Treated,Female,A-B,0,0
142,2,248,826,0,Treated,Female,A-B,0,0
143,1,0,1547,1,NonTreated,Male,A-B,0,0
143,2,1547,1548,0,NonTreated,Male,A-B,0,0
144,1,0,1278,1,Treated,Female,A-B,0,0
144,2,1278,1279,0,Treated,Female,A-B,3,0
145,1,0,1847,0,Treated,Male,C,0,0
146,1,0,1449,1,NonTreated,Female,C,0,0
146,2,1449,1694,0,NonTreated,Female,C,0,0
147,1,0,42,1,Treated,Male,D,3,0
147,2,42,47,1,Treated,Male,D,3,0
147,3,47,446,1,Treated,Male,D,0,0
147,4,446,482,1,Treated,Male,D,0,0
147,5,482,1156,0,Treated,Male,D,0,0
148,1,0,348,1,Treated,Male,A-B,0,0
148,2,348,643,0,Treated,Male,A-B,0,0
149,1,0,91,1,Treated,Male,A-B,0,0
149,2,91,174,1,Treated,Male,A-B,0,0
149,4,174,175,0,Treated,Male,A-B,0,1
150,1,0,128,1,Treated,Male,C,0,0
150,2,128,221,0,Treated,Male,C,0,0
151,1,0,788,0,Treated,Female,A-B,0,0
152,1,0,1142,0,Treated,Female,A-B,0,0
153,1,0,939,1,NonTreated,Male,C,0,0
153,2,939,1266,1,NonTreated,Male,C,0,0
153,3,1266,1267,0,NonTreated,Male,C,0,0
154,1,0,70,1,Treated,Male,D,3,0
154,2,70,86,1,Treated,Male,D,0,0
154,4,86,87,0,Treated,Male,D,3,1
155,1,0,240,0,Treated,Male,A-B,0,1
156,1,0,80,1,Treated,Male,C,1-2,0
156,2,80,247,1,Treated,Male,C,1-2,0
156,3,247,832,0,Treated,Male,C,0,1
157,1,0,1209,0,Treated,Female,C,3,0
158,1,0,1096,0,Treated,Female,A-B,0,0
159,1,0,1274,0,Treated,Male,C,0,0
160,1,0,521,1,Treated,Male,A-B,0,0
160,2,521,596,1,Treated,Male,A-B,0,0
160,3,596,597,0,Treated,Male,A-B,0,1
161,1,0,1247,0,NonTreated,Female,A-B,0,0
162,1,0,1675,0,Treated,Male,A-B,0,0
163,1,0,1147,0,NonTreated,Female,C,3,1
164,1,0,1782,0,Treated,Male,A-B,0,0
165,2,0,468,0,Treated,Male,D,0,0
166,1,0,850,0,NonTreated,Female,A-B,0,0
167,1,0,1345,0,Treated,Male,A-B,0,0
168,1,0,656,1,NonTreated,Female,A-B,0,0
168,2,656,1029,0,NonTreated,Female,A-B,0,0
169,1,0,488,0,NonTreated,Male,C,0,1
170,1,0,107,1,NonTreated,Female,C,0,0
170,2,107,406,1,NonTreated,Female,C,3,0
170,3,406,1171,0,NonTreated,Female,C,0,0
171,1,0,35,1,NonTreated,Male,A-B,0,0
171,2,35,1192,1,NonTreated,Male,A-B,0,0
171,3,1192,1193,0,NonTreated,Male,A-B,0,0
172,1,0,11,0,Treated,Female,C,1-2,0
173,1,0,1760,0,Treated,Female,A-B,0,0
174,1,0,276,1,Treated,Female,C,0,0
174,2,276,292,1,Treated,Female,C,3,0
174,3,292,692,1,Treated,Female,C,3,0
174,4,692,2119,1,Treated,Female,C,0,0
174,5,2119,2120,0,Treated,Female,C,0,0
175,1,0,1509,0,Treated,Female,A-B,0,0
176,1,0,420,1,Treated,Female,A-B,0,0
176,2,420,1186,0,Treated,Female,A-B,0,0
177,1,0,56,1,NonTreated,Male,C,0,0
177,2,56,116,1,NonTreated,Male,C,3,0
177,3,116,1477,0,NonTreated,Male,C,0,0
178,1,0,1642,0,NonTreated,Male,C,0,0
179,1,0,1835,0,Treated,Male,A-B,0,0
180,1,0,47,1,Treated,Female,D,3,0
180,2,47,1087,0,Treated,Female,D,0,0
181,1,0,238,0,Treated,Male,C,0,1
182,1,0,1744,0,NonTreated,Female,A-B,0,0
183,1,0,29,1,Treated,Male,C,3,0
183,2,29,107,1,Treated,Male,C,0,0
183,3,107,112,1,Treated,Male,C,0,0
183,4,112,116,1,Treated,Male,C,0,0
183,5,116,143,1,Treated,Male,C,0,0
183,6,143,1104,0,Treated,Male,C,0,0
184,1,0,1276,1,NonTreated,Male,C,0,0
184,2,1276,1277,0,NonTreated,Male,C,3,1
185,1,0,228,1,NonTreated,Male,A-B,3,0
185,2,228,1460,0,NonTreated,Male,A-B,0,1
186,2,0,570,1,NonTreated,Male,C,1-2,0
186,3,570,579,1,NonTreated,Male,C,3,0
186,4,579,582,1,NonTreated,Male,C,0,0
186,5,582,583,0,NonTreated,Male,C,0,1
187,1,0,58,1,NonTreated,Male,C,0,0
187,2,58,1174,1,NonTreated,Male,C,0,0
187,3,1174,1508,0,NonTreated,Male,C,0,0
188,1,0,8,0,Treated,Male,D,0,0
189,2,0,92,0,Treated,Female,D,3,1
190,2,0,426,1,Treated,Male,A-B,0,0
190,3,426,432,1,Treated,Male,A-B,0,0
190,4,432,1186,0,Treated,Male,A-B,0,0
191,2,0,7,1,Treated,Male,A-B,0,0
191,3,7,441,1,Treated,Male,A-B,1-2,0
191,4,441,442,0,Treated,Male,A-B,1-2,0
192,1,0,462,1,NonTreated,Female,C,0,0
192,2,462,612,1,NonTreated,Female,C,0,0
192,3,612,628,1,NonTreated,Female,C,1-2,0
192,4,628,629,0,NonTreated,Female,C,3,1
193,1,0,1495,0,NonTreated,Male,C,0,0
194,1,0,396,1,Treated,Male,C,0,0
194,2,396,536,0,Treated,Male,C,0,1
195,1,0,1338,0,Treated,Male,A-B,0,0
196,1,0,1631,0,Treated,Female,A-B,1-2,0
197,1,0,1466,0,NonTreated,Male,A-B,0,0
198,1,0,96,1,Treated,Male,D,0,0
198,2,96,239,0,Treated,Male,D,3,1
199,1,0,236,1,NonTreated,Female,A-B,0,0
199,2,236,1752,0,NonTreated,Female,A-B,0,0
200,1,0,1078,0,Treated,Male,A-B,1-2,0
201,1,0,351,1,Treated,Male,A-B,0,0
201,2,351,381,1,Treated,Male,A-B,0,0
201,3,381,611,1,Treated,Male,A-B,0,0
201,4,611,618,1,Treated,Male,A-B,0,0
201,5,618,686,1,Treated,Male,A-B,0,0
201,6,686,950,1,Treated,Male,A-B,0,0
201,7,950,1598,0,Treated,Male,A-B,0,0
202,1,0,127,1,NonTreated,Male,C,3,0
202,2,127,487,1,NonTreated,Male,C,0,0
202,3,487,488,0,NonTreated,Male,C,3,1
203,1,0,181,1,Treated,Male,A-B,0,0
203,2,181,1520,0,Treated,Male,A-B,0,0
204,1,0,403,0,NonTreated,Male,A-B,0,0
205,1,0,1522,0,Treated,Male,A-B,0,0
206,1,0,1188,1,Treated,Female,A-B,0,0
206,2,1188,1189,0,Treated,Female,A-B,1-2,0
207,1,0,236,0,Treated,Male,C,0,1
208,1,0,510,1,Treated,Female,C,3,0
208,2,510,511,0,Treated,Female,C,0,1
209,1,0,40,1,Treated,Male,C,0,0
209,2,40,325,1,Treated,Male,C,0,0
209,3,325,1398,1,Treated,Male,C,0,0
209,4,1398,1417,1,Treated,Male,C,0,0
209,5,1417,1429,1,Treated,Male,C,3,0
209,6,1429,1452,1,Treated,Male,C,3,0
209,7,1452,1453,0,Treated,Male,C,3,0
210,1,0,1323,0,Treated,Female,A-B,0,0
211,1,0,1309,0,NonTreated,Female,A-B,0,0
212,2,0,67,1,NonTreated,Male,A-B,0,0
212,3,67,93,1,NonTreated,Male,A-B,3,0
212,4,93,309,1,NonTreated,Male,A-B,0,0
212,5,309,310,0,NonTreated,Male,A-B,0,0
213,1,0,78,0,Treated,Female,D,3,1
214,1,0,983,1,Treated,Male,A-B,0,0
214,2,983,1521,1,Treated,Male,A-B,3,0
214,3,1521,1524,1,Treated,Male,A-B,0,0
214,4,1524,1536,1,Treated,Male,A-B,0,0
214,5,1536,1577,0,Treated,Male,A-B,0,1
215,1,0,1315,0,Treated,Male,A-B,1-2,0
216,2,0,1156,0,Treated,Male,A-B,0,0
217,1,0,1798,0,Treated,Female,C,0,0
218,1,0,94,0,Treated,Female,D,3,1
219,1,0,141,1,NonTreated,Male,D,0,0
219,2,141,491,1,NonTreated,Male,D,0,0
219,3,491,604,1,NonTreated,Male,D,3,0
219,4,604,605,0,NonTreated,Male,D,3,1
220,1,0,320,1,Treated,Male,C,0,0
220,3,320,339,1,Treated,Male,C,0,0
220,4,339,340,0,Treated,Male,C,3,1
221,1,0,819,1,Treated,Female,A-B,0,0
221,2,819,835,1,Treated,Female,A-B,0,0
221,3,835,1128,0,Treated,Female,A-B,0,0
222,1,0,1187,0,Treated,Female,C,0,0
223,1,0,29,0,Treated,Male,A-B,0,0
224,1,0,481,1,NonTreated,Female,D,3,0
224,2,481,482,0,NonTreated,Female,D,3,1
225,1,0,11,0,Treated,Male,D,0,0
226,1,0,184,1,NonTreated,Female,D,3,0
226,2,184,185,0,NonTreated,Female,D,3,1
227,1,0,398,0,NonTreated,Male,D,0,1
228,1,0,765,1,Treated,Male,A-B,0,0
228,2,765,891,1,Treated,Male,A-B,3,0
228,3,891,896,1,Treated,Male,A-B,0,0
228,4,896,899,1,Treated,Male,A-B,0,0
228,5,899,902,1,Treated,Male,A-B,0,0
228,6,902,903,0,Treated,Male,A-B,0,1
229,2,0,343,1,Treated,Male,A-B,1-2,0
229,3,343,344,0,Treated,Male,A-B,0,0
230,1,0,1122,0,Treated,Male,A-B,0,0
231,1,0,2060,0,Treated,Male,A-B,0,0
232,1,0,130,1,NonTreated,Male,C,0,0
232,2,130,278,1,NonTreated,Male,C,0,0
232,3,278,329,1,NonTreated,Male,C,0,0
232,4,329,331,1,NonTreated,Male,C,0,0
232,5,331,1454,0,NonTreated,Male,C,0,0
233,1,0,1268,0,NonTreated,Female,C,3,0
234,1,0,1161,0,Treated,Male,A-B,0,0
235,1,0,64,1,NonTreated,Female,C,0,0
235,2,64,168,1,NonTreated,Female,C,0,0
235,3,168,1253,0,NonTreated,Female,C,0,0
236,1,0,769,0,Treated,Female,C,0,0
237,1,0,1022,1,NonTreated,Male,A-B,3,0
237,2,1022,1542,0,NonTreated,Male,A-B,0,0
238,1,0,1458,0,Treated,Male,C,0,1
239,1,0,15,0,Treated,Female,D,3,1
240,1,0,808,1,NonTreated,Male,C,0,0
240,2,808,1101,1,NonTreated,Male,C,0,0
240,3,1101,1102,0,NonTreated,Male,C,0,1
241,1,0,247,1,NonTreated,Male,D,0,0
241,2,247,405,0,NonTreated,Male,D,3,1
242,1,0,202,1,NonTreated,Male,C,3,0
242,2,202,447,1,NonTreated,Male,C,0,0
242,3,447,992,0,NonTreated,Male,C,0,0
243,1,0,461,1,NonTreated,Female,A-B,3,0
243,2,461,607,1,NonTreated,Female,A-B,0,0
243,3,607,612,1,NonTreated,Female,A-B,0,0
243,4,612,948,0,NonTreated,Female,A-B,0,0
244,1,0,1948,0,Treated,Female,A-B,0,0
245,1,0,1803,0,Treated,Female,A-B,0,0
246,1,0,662,1,Treated,Male,A-B,0,0
246,2,662,1801,0,Treated,Male,A-B,0,0
247,1,0,54,1,Treated,Male,C,0,0
247,2,54,63,1,Treated,Male,C,0,0
247,3,63,271,0,Treated,Male,C,1-2,1
248,1,0,2033,0,NonTreated,Male,C,0,0
249,1,0,1945,0,NonTreated,Female,C,0,0
250,1,0,388,1,NonTreated,Male,C,3,0
250,2,388,394,0,NonTreated,Male,C,3,1
251,1,0,12,1,NonTreated,Female,C,0,0
251,2,12,1697,0,NonTreated,Female,C,0,0
252,1,0,1104,1,Treated,Male,C,0,0
252,2,1104,1697,0,Treated,Male,C,0,0
253,1,0,398,1,NonTreated,Male,C,0,0
253,2,398,630,0,NonTreated,Male,C,3,1
254,1,0,369,1,NonTreated,Male,C,0,0
254,2,369,388,1,NonTreated,Male,C,0,0
254,3,388,1839,0,NonTreated,Male,C,0,0
255,1,0,83,0,Treated,Female,D,3,1
256,1,0,513,1,Treated,Male,A-B,0,0
256,2,513,1805,0,Treated,Male,A-B,0,0
257,1,0,1969,0,Treated,Female,A-B,0,0
258,1,0,45,0,Treated,Male,D,0,1
259,1,0,842,0,NonTreated,Male,C,3,1
260,1,0,1737,0,Treated,Female,A-B,0,0
261,2,0,995,0,Treated,Male,A-B,0,0
262,1,0,31,1,Treated,Male,D,0,0
262,2,31,32,0,Treated,Male,D,3,1
263,1,0,104,1,NonTreated,Female,C,0,0
263,2,104,1747,0,NonTreated,Female,C,0,0
264,1,0,1829,0,NonTreated,Male,C,0,0
265,1,0,1909,0,NonTreated,Male,A-B,0,0
266,1,0,1844,0,NonTreated,Female,C,0,0
267,1,0,1795,0,NonTreated,Male,A-B,0,0
268,2,0,1853,0,NonTreated,Male,C,3,0
269,1,0,206,1,NonTreated,Male,C,3,0
269,2,206,577,1,NonTreated,Male,C,0,0
269,3,577,864,1,NonTreated,Male,C,0,0
269,4,864,1003,1,NonTreated,Male,C,0,0
269,5,1003,1022,1,NonTreated,Male,C,0,0
269,6,1022,1031,1,NonTreated,Male,C,0,0
269,7,1031,1273,1,NonTreated,Male,C,0,0
269,8,1273,1349,1,NonTreated,Male,C,0,0
269,9,1349,1457,1,NonTreated,Male,C,0,0
269,10,1457,1589,1,NonTreated,Male,C,0,0
269,11,1589,1590,0,NonTreated,Male,C,0,0
270,1,0,123,1,Treated,Male,D,0,0
270,2,123,125,1,Treated,Male,D,3,0
270,3,125,126,0,Treated,Male,D,3,1
271,1,0,1603,0,Treated,Male,C,3,0
272,2,0,524,1,Treated,Male,D,0,0
272,3,524,525,0,Treated,Male,D,0,0
273,1,0,260,0,Treated,Female,D,0,1
274,1,0,520,1,NonTreated,Male,C,3,0
274,2,520,523,1,NonTreated,Male,C,0,0
274,3,523,526,1,NonTreated,Male,C,3,0
274,4,526,528,1,NonTreated,Male,C,3,0
274,5,528,531,1,NonTreated,Male,C,3,0
274,6,531,536,1,NonTreated,Male,C,3,0
274,7,536,543,1,NonTreated,Male,C,3,0
274,8,543,546,1,NonTreated,Male,C,0,0
274,9,546,549,1,NonTreated,Male,C,0,0
274,10,549,550,1,NonTreated,Male,C,0,0
274,11,550,552,1,NonTreated,Male,C,0,0
274,12,552,554,1,NonTreated,Male,C,0,0
274,13,554,556,1,NonTreated,Male,C,0,0
274,14,556,558,1,NonTreated,Male,C,0,0
274,15,558,559,1,NonTreated,Male,C,0,0
274,17,559,560,1,NonTreated,Male,C,3,0
274,18,560,561,0,NonTreated,Male,C,3,1
275,1,0,230,1,Treated,Male,C,0,0
275,2,230,1682,0,Treated,Male,C,0,0
276,1,0,16,1,NonTreated,Male,D,3,0
276,2,16,193,1,NonTreated,Male,D,0,0
276,3,193,231,1,NonTreated,Male,D,0,0
276,4,231,899,0,NonTreated,Male,D,0,1
277,1,0,165,1,NonTreated,Female,D,0,0
277,2,165,166,0,NonTreated,Female,D,0,1
278,2,0,4,1,Treated,Male,A-B,0,0
278,3,4,8,1,Treated,Male,A-B,0,0
278,4,8,776,0,Treated,Male,A-B,0,0
279,1,0,1330,0,NonTreated,Female,C,3,0
280,2,0,3,1,NonTreated,Male,A-B,0,0
280,3,3,166,1,NonTreated,Male,A-B,0,0
280,4,166,383,1,NonTreated,Male,A-B,0,0
280,5,383,390,1,NonTreated,Male,A-B,0,0
280,6,390,391,0,NonTreated,Male,A-B,0,1
281,1,0,1815,0,NonTreated,Female,C,3,0
282,1,0,49,1,NonTreated,Male,C,3,0
282,2,49,125,1,NonTreated,Male,C,1-2,0
282,3,125,1642,0,NonTreated,Male,C,0,0
283,1,0,654,1,NonTreated,Female,C,0,0
283,2,654,655,0,NonTreated,Female,C,3,1
284,1,0,1897,0,NonTreated,Female,C,0,0
285,1,0,1676,0,NonTreated,Female,A-B,0,0
286,1,0,1348,0,NonTreated,Male,C,0,0
287,1,0,1321,0,Treated,Female,A-B,0,1
288,1,0,16,1,Treated,Female,A-B,0,0
288,2,16,1381,0,Treated,Female,A-B,0,0
289,1,0,1315,0,Treated,Female,A-B,0,0
290,1,0,280,1,NonTreated,Female,C,0,0
290,2,280,1000,0,NonTreated,Female,C,0,0
291,1,0,1652,0,Treated,Male,A-B,0,0
292,1,0,24,1,NonTreated,Male,A-B,1-2,0
292,2,24,1655,0,NonTreated,Male,A-B,1-2,0
293,1,0,1764,0,NonTreated,Female,C,0,0
294,1,0,54,0,Treated,Female,D,3,1
295,1,0,1456,0,Treated,Female,A-B,0,0
296,1,0,1736,1,Treated,Male,A-B,0,0
296,2,1736,1737,0,Treated,Male,A-B,0,0
297,1,0,1739,0,NonTreated,Male,C,0,0
298,1,0,755,1,NonTreated,Female,D,3,0
298,2,755,1229,1,NonTreated,Female,D,3,0
298,3,1229,1230,1,NonTreated,Female,D,3,0
298,4,1230,1337,1,NonTreated,Female,D,3,0
298,5,1337,1340,1,NonTreated,Female,D,3,0
298,6,1340,1341,0,NonTreated,Female,D,3,1
299,1,0,896,0,NonTreated,Male,A-B,0,0
300,1,0,665,1,Treated,Male,A-B,0,0
300,2,665,1752,0,Treated,Male,A-B,3,0
301,1,0,352,1,NonTreated,Male,D,0,0
301,2,352,941,1,NonTreated,Male,D,0,0
301,3,941,1572,1,NonTreated,Male,D,3,0
301,4,1572,1573,0,NonTreated,Male,D,3,0
302,1,0,342,1,Treated,Male,A-B,0,0
302,2,342,362,1,Treated,Male,A-B,3,0
302,3,362,363,0,Treated,Male,A-B,1-2,0
303,1,0,398,0,Treated,Male,A-B,0,0
304,1,0,597,1,NonTreated,Male,A-B,0,0
304,2,597,1252,1,NonTreated,Male,A-B,0,0
304,3,1252,1273,1,NonTreated,Male,A-B,0,0
304,4,1273,1292,1,NonTreated,Male,A-B,0,0
304,5,1292,1293,0,NonTreated,Male,A-B,0,0
305,1,0,199,1,NonTreated,Male,C,3,0
305,2,199,1623,0,NonTreated,Male,C,0,0
306,1,0,42,0,Treated,Male,D,3,1
307,1,0,1081,1,Treated,Male,A-B,0,0
307,2,1081,1357,0,Treated,Male,A-B,0,0
308,1,0,526,0,NonTreated,Male,C,0,0
309,1,0,43,1,NonTreated,Female,D,3,0
309,2,43,122,1,NonTreated,Female,D,0,0
309,3,122,263,1,NonTreated,Female,D,3,0
309,4,263,264,0,NonTreated,Female,D,0,1
310,1,0,358,1,NonTreated,Male,D,0,0
310,2,358,416,0,NonTreated,Male,D,3,1
311,1,0,1395,0,Treated,Female,C,0,0
312,1,0,1655,0,NonTreated,Male,C,3,0
313,1,0,1006,0,NonTreated,Male,C,0,0
314,1,0,1328,0,Treated,Male,A-B,0,0
315,1,0,261,1,Treated,Male,A-B,0,0
315,2,261,544,0,Treated,Male,A-B,0,0
316,1,0,718,1,Treated,Male,A-B,0,0
316,2,718,1450,0,Treated,Male,A-B,0,0
317,1,0,56,1,NonTreated,Female,D,3,0
317,2,56,123,1,NonTreated,Female,D,3,0
317,3,123,131,1,NonTreated,Female,D,3,0
317,4,131,158,1,NonTreated,Female,D,0,0
317,5,158,365,1,NonTreated,Female,D,3,0
317,6,365,499,1,NonTreated,Female,D,3,0
317,7,499,501,1,NonTreated,Female,D,3,0
317,8,501,522,1,NonTreated,Female,D,3,0
317,9,522,523,0,NonTreated,Female,D,3,1
318,2,0,6,1,Treated,Male,A-B,1-2,0
318,3,6,13,1,Treated,Male,A-B,0,0
318,4,13,18,1,Treated,Male,A-B,1-2,0
318,7,18,61,1,Treated,Male,A-B,1-2,0
318,8,61,81,1,Treated,Male,A-B,1-2,0
318,9,81,91,1,Treated,Male,A-B,1-2,0
318,10,91,92,0,Treated,Male,A-B,1-2,0
319,1,0,930,0,Treated,Male,A-B,0,0
320,1,0,121,1,NonTreated,Female,C,3,0
320,2,121,1629,0,NonTreated,Female,C,0,0
321,2,0,103,1,Treated,Male,D,0,0
321,3,103,148,1,Treated,Male,D,0,0
321,4,148,149,0,Treated,Male,D,1-2,1
322,1,0,12,1,Treated,Male,C,0,0
322,2,12,448,0,Treated,Male,C,0,1
323,1,0,1299,0,NonTreated,Male,C,0,0
324,1,0,79,1,Treated,Female,C,0,0
324,2,79,553,0,Treated,Female,C,0,1
325,1,0,218,1,NonTreated,Female,D,3,0
325,2,218,408,1,NonTreated,Female,D,3,0
325,3,408,477,1,NonTreated,Female,D,3,0
325,4,477,718,0,NonTreated,Female,D,3,1
326,1,0,1487,0,Treated,Male,A-B,0,0
327,1,0,40,1,NonTreated,Male,C,3,0
327,2,40,207,1,NonTreated,Male,C,3,0
327,3,207,391,1,NonTreated,Male,C,3,0
327,4,391,827,1,NonTreated,Male,C,0,0
327,5,827,828,0,NonTreated,Male,C,3,1
328,1,0,1546,0,NonTreated,Male,A-B,3,0
329,1,0,1267,0,Treated,Female,A-B,0,0
330,1,0,1589,0,NonTreated,Female,A-B,0,0
331,1,0,216,1,Treated,Male,C,0,0
331,2,216,217,0,Treated,Male,C,3,1
332,1,0,820,0,Treated,Female,A-B,0,0
333,1,0,46,0,Treated,Male,D,3,0
334,1,0,1128,1,NonTreated,Male,A-B,0,0
334,2,1128,1531,0,NonTreated,Male,A-B,0,0
335,2,0,2,1,NonTreated,Male,C,0,0
335,3,2,1297,0,NonTreated,Male,C,0,0
336,1,0,98,1,NonTreated,Female,C,3,0
336,2,98,466,1,NonTreated,Female,C,0,0
336,3,466,559,1,NonTreated,Female,C,0,0
336,4,559,786,1,NonTreated,Female,C,0,0
336,5,786,1001,1,NonTreated,Female,C,0,0
336,6,1001,1229,0,NonTreated,Female,C,0,0
337,1,0,1567,0,NonTreated,Male,C,3,0
338,1,0,542,0,Treated,Female,A-B,0,0
339,1,0,63,1,NonTreated,Female,C,3,0
339,2,63,210,1,NonTreated,Female,C,3,0
339,3,210,211,0,NonTreated,Female,C,3,1
340,1,0,1638,0,NonTreated,Female,A-B,0,0
341,1,0,1197,0,Treated,Male,A-B,0,0
342,1,0,1487,0,NonTreated,Male,A-B,3,0
343,1,0,1262,0,NonTreated,Female,C,3,0
344,1,0,1121,0,Treated,Female,A-B,3,0
345,1,0,1145,0,Treated,Male,A-B,0,0
346,1,0,1054,0,Treated,Male,C,3,0
347,1,0,227,1,NonTreated,Male,C,3,0
347,2,227,1398,1,NonTreated,Male,C,3,0
347,3,1398,1401,1,NonTreated,Male,C,0,0
347,4,1401,1402,0,NonTreated,Male,C,0,0
348,1,0,81,1,NonTreated,Female,C,0,0
348,2,81,123,1,NonTreated,Female,C,3,0
348,3,123,487,1,NonTreated,Female,C,0,0
348,4,487,1544,1,NonTreated,Female,C,0,0
348,5,1544,1545,0,NonTreated,Female,C,0,0
349,1,0,742,1,NonTreated,Male,C,0,0
349,2,742,1469,0,NonTreated,Male,C,0,0
350,1,0,50,1,NonTreated,Male,D,3,0
350,2,50,61,1,NonTreated,Male,D,3,0
350,3,61,72,1,NonTreated,Male,D,0,0
350,4,72,83,1,NonTreated,Male,D,0,0
350,5,83,94,1,NonTreated,Male,D,3,0
350,6,94,105,1,NonTreated,Male,D,3,0
350,7,105,116,1,NonTreated,Male,D,0,0
350,8,116,131,1,NonTreated,Male,D,3,0
350,9,131,142,1,NonTreated,Male,D,3,0
350,10,142,157,1,NonTreated,Male,D,3,0
350,11,157,168,1,NonTreated,Male,D,3,0
350,12,168,180,1,NonTreated,Male,D,0,0
350,13,180,192,1,NonTreated,Male,D,0,0
350,14,192,204,1,NonTreated,Male,D,0,0
350,15,204,215,1,NonTreated,Male,D,3,0
350,16,215,227,1,NonTreated,Male,D,0,0
350,17,227,239,1,NonTreated,Male,D,3,0
350,18,239,250,1,NonTreated,Male,D,3,0
350,19,250,261,1,NonTreated,Male,D,3,0
350,20,261,273,1,NonTreated,Male,D,0,0
350,21,273,285,1,NonTreated,Male,D,3,0
350,22,285,512,1,NonTreated,Male,D,0,0
350,23,512,513,0,NonTreated,Male,D,3,1
351,1,0,125,1,NonTreated,Male,C,3,0
351,3,125,133,1,NonTreated,Male,C,0,0
351,4,133,255,1,NonTreated,Male,C,3,0
351,5,255,416,0,NonTreated,Male,C,0,1
352,1,0,1492,0,NonTreated,Female,C,0,0
353,1,0,1236,1,NonTreated,Female,C,0,0
353,2,1236,1237,0,NonTreated,Female,C,0,0
354,1,0,199,1,NonTreated,Male,D,3,0
354,2,199,312,0,NonTreated,Male,D,3,1
355,1,0,50,1,Treated,Female,D,0,0
355,2,50,65,0,Treated,Female,D,3,1
356,1,0,1320,0,NonTreated,Female,A-B,0,0
357,1,0,135,1,NonTreated,Male,C,0,0
357,2,135,136,0,NonTreated,Male,C,3,1
358,1,0,1484,0,NonTreated,Female,C,0,0
359,1,0,1205,0,Treated,Female,A-B,0,0
360,1,0,69,0,Treated,Female,C,0,0
361,1,0,335,1,NonTreated,Male,D,3,0
361,2,335,523,0,NonTreated,Male,D,3,0
362,1,0,1210,0,Treated,Male,A-B,0,0
363,1,0,1053,0,Treated,Female,A-B,0,0
364,1,0,858,0,Treated,Male,A-B,0,0
365,1,0,224,0,NonTreated,Female,D,3,1
366,1,0,450,1,Treated,Female,C,3,0
366,2,450,483,0,Treated,Female,C,0,1
367,1,0,1068,0,Treated,Male,A-B,0,0
368,1,0,592,1,NonTreated,Male,A-B,0,0
368,2,592,635,1,NonTreated,Male,A-B,3,0
368,3,635,1340,0,NonTreated,Male,A-B,0,0
369,2,0,47,1,NonTreated,Male,A-B,3,0
369,3,47,48,0,NonTreated,Male,A-B,0,0
370,1,0,1068,1,NonTreated,Female,C,0,0
370,2,1068,1147,1,NonTreated,Female,C,0,0
370,3,1147,1148,0,NonTreated,Female,C,0,0
371,1,0,344,0,Treated,Male,C,0,0
372,1,0,1087,0,NonTreated,Male,C,0,0
373,1,0,318,0,Treated,Male,D,3,1
374,1,0,1162,0,Treated,Male,C,0,0
375,1,0,221,0,Treated,Male,D,3,1
376,1,0,1090,0,NonTreated,Female,C,0,0
377,1,0,371,0,Treated,Female,D,3,1
378,1,0,267,1,NonTreated,Female,A-B,0,0
378,2,267,683,1,NonTreated,Female,A-B,0,0
378,3,683,1303,0,NonTreated,Female,A-B,0,0
379,2,0,61,1,Treated,Male,D,1-2,0
379,3,61,64,1,Treated,Male,D,1-2,0
379,4,64,134,1,Treated,Male,D,3,0
379,5,134,137,1,Treated,Male,D,3,0
379,6,137,183,1,Treated,Male,D,3,0
379,7,183,184,0,Treated,Male,D,3,1
380,1,0,1040,0,NonTreated,Male,C,0,0
381,1,0,756,0,Treated,Male,A-B,0,0
382,1,0,1280,0,NonTreated,Female,C,3,0
383,1,0,78,1,Treated,Male,A-B,0,0
383,2,78,764,0,Treated,Male,A-B,0,0
384,1,0,29,0,Treated,Female,D,3,1
385,2,0,212,0,Treated,Female,D,0,1
386,1,0,980,0,Treated,Female,A-B,0,0
387,1,0,1115,0,NonTreated,Male,A-B,0,0
388,1,0,1096,0,NonTreated,Female,A-B,0,0
389,1,0,21,1,Treated,Male,A-B,0,0
389,2,21,48,1,Treated,Male,A-B,0,0
389,3,48,386,1,Treated,Male,A-B,0,0
389,4,386,387,0,Treated,Male,A-B,3,1
390,1,0,1103,0,NonTreated,Male,C,0,0
391,1,0,1206,0,Treated,Male,A-B,0,0
392,1,0,161,1,NonTreated,Female,D,3,0
392,2,161,1236,0,NonTreated,Female,D,0,0
393,1,0,453,1,NonTreated,Female,C,3,0
393,2,453,485,1,NonTreated,Female,C,3,0
393,3,485,523,1,NonTreated,Female,C,3,0
393,4,523,577,1,NonTreated,Female,C,3,0
393,5,577,676,1,NonTreated,Female,C,0,0
393,6,676,1218,0,NonTreated,Female,C,3,0
394,2,0,73,1,Treated,Male,A-B,0,0
394,3,73,236,0,Treated,Male,A-B,0,0
395,1,0,1288,1,Treated,Female,C,0,0
395,2,1288,1289,0,Treated,Female,C,0,0
396,1,0,17,1,Treated,Male,D,3,0
396,2,17,25,1,Treated,Male,D,0,0
396,3,25,54,1,Treated,Male,D,0,0
396,4,54,66,1,Treated,Male,D,0,0
396,5,66,292,1,Treated,Male,D,3,0
396,6,292,360,0,Treated,Male,D,3,0
397,1,0,39,1,NonTreated,Female,C,0,0
397,2,39,67,1,NonTreated,Female,C,0,0
397,3,67,91,1,NonTreated,Female,C,0,0
397,4,91,1119,0,NonTreated,Female,C,0,0
398,1,0,57,1,Treated,Male,A-B,0,0
398,2,57,286,0,Treated,Male,A-B,0,0
399,1,0,12,1,NonTreated,Female,D,3,0
399,2,12,79,1,NonTreated,Female,D,0,0
399,3,79,93,1,NonTreated,Female,D,3,0
399,4,93,390,1,NonTreated,Female,D,3,0
399,5,390,593,1,NonTreated,Female,D,0,0
399,6,593,840,1,NonTreated,Female,D,3,0
399,7,840,853,1,NonTreated,Female,D,3,0
399,8,853,858,1,NonTreated,Female,D,3,0
399,9,858,871,1,NonTreated,Female,D,0,0
399,10,871,889,1,NonTreated,Female,D,3,0
399,11,889,900,1,NonTreated,Female,D,3,0
399,12,900,1062,0,NonTreated,Female,D,3,0
400,1,0,928,0,Treated,Male,A-B,0,0
401,1,0,22,1,NonTreated,Male,C,0,0
401,2,22,129,1,NonTreated,Male,C,0,0
401,3,129,131,1,NonTreated,Male,C,0,0
401,4,131,320,1,NonTreated,Male,C,0,0
401,5,320,592,1,NonTreated,Male,C,0,0
401,6,592,889,0,NonTreated,Male,C,3,1
402,1,0,731,1,NonTreated,Female,A-B,0,0
402,2,731,1059,0,NonTreated,Female,A-B,0,0
403,1,0,575,0,Treated,Male,A-B,0,0
